WlYyy,FmrIP href,dugSS src,bUshh,cIVmB,iPqaD href 2,WlYyy 2
191 places sorted by traveler favorites,,,,,,
"1,049",https://www.tripadvisor.com/Attraction_Review-g295419-d319501-Reviews-Al_Balad-Jeddah_Makkah_Province.html,https://dynamic-media-cdn.tripadvisor.com/media/photo-o/18/4d/63/24/some-images-from-a-hot.jpg?w=500&h=-1&s=1,Al-Balad,1.,https://www.tripadvisor.com/Attraction_Review-g295419-d319501-Reviews-Al_Balad-Jeddah_Makkah_Province.html#REVIEWS,Historic Sites • Neighborhoods
926,https://www.tripadvisor.com/Attraction_Review-g295419-d2195533-Reviews-Red_Sea_Mall-Jeddah_Makkah_Province.html,https://dynamic-media-cdn.tripadvisor.com/media/photo-o/17/ef/a4/23/photo0jpg.jpg?w=500&h=-1&s=1,Red Sea Mall,2.,https://www.tripadvisor.com/Attraction_Review-g295419-d2195533-Reviews-Red_Sea_Mall-Jeddah_Makkah_Province.html#REVIEWS,Shopping Malls
791,https://www.tripadvisor.com/Attraction_Review-g295419-d4361549-Reviews-Jeddah_Corniche-Jeddah_Makkah_Province.html,https://dynamic-media-cdn.tripadvisor.com/media/photo-o/0e/40/c9/20/there-are-more-people.jpg?w=500&h=-1&s=1,Jeddah Corniche,3.,https://www.tripadvisor.com/Attraction_Review-g295419-d4361549-Reviews-Jeddah_Corniche-Jeddah_Makkah_Province.html#REVIEWS,Points of Interest & Landmarks
"1,231",https://www.tripadvisor.com/Attraction_Review-g295419-d319519-Reviews-King_Fahd_s_Fountain-Jeddah_Makkah_Province.html,https://dynamic-media-cdn.tripadvisor.com/media/photo-o/0a/d3/4e/25/illuminate-the-fountain.jpg?w=500&h=400&s=1&cx=337&cy=320&chk=v1_012cd5d51096d2b363aa,King Fahd's Fountain,4.,https://www.tripadvisor.com/Attraction_Review-g295419-d319519-Reviews-King_Fahd_s_Fountain-Jeddah_Makkah_Province.html#REVIEWS,Fountains
243,https://www.tripadvisor.com/Attraction_Review-g295419-d2195347-Reviews-Mall_of_Arabia-Jeddah_Makkah_Province.html,https://dynamic-media-cdn.tripadvisor.com/media/photo-o/12/53/7f/2a/img-20170904-193027-589.jpg?w=500&h=-1&s=1,Mall of Arabia,5.,https://www.tripadvisor.com/Attraction_Review-g295419-d2195347-Reviews-Mall_of_Arabia-Jeddah_Makkah_Province.html#REVIEWS,Shopping Malls
528,https://www.tripadvisor.com/Attraction_Review-g295419-d4020986-Reviews-Fakieh_Aquarium-Jeddah_Makkah_Province.html,https://dynamic-media-cdn.tripadvisor.com/media/photo-o/04/84/cf/f3/fakieh-aquarium.jpg?w=500&h=400&s=1,Fakieh Aquarium,6.,https://www.tripadvisor.com/Attraction_Review-g295419-d4020986-Reviews-Fakieh_Aquarium-Jeddah_Makkah_Province.html#REVIEWS,Aquariums
417,https://www.tripadvisor.com/Attraction_Review-g295419-d319513-Reviews-Al_Rahma_Mosque-Jeddah_Makkah_Province.html,https://dynamic-media-cdn.tripadvisor.com/media/photo-o/0e/dd/d2/b3/caption.jpg?w=500&h=400&s=1,Al Rahma Mosque,7.,https://www.tripadvisor.com/Attraction_Review-g295419-d319513-Reviews-Al_Rahma_Mosque-Jeddah_Makkah_Province.html#REVIEWS,Religious Sites
175,https://www.tripadvisor.com/Attraction_Review-g295419-d2195029-Reviews-Silver_Sands_Beach-Jeddah_Makkah_Province.html,https://dynamic-media-cdn.tripadvisor.com/media/photo-o/0c/6c/bf/ad/this-peninsula-is-clouse.jpg?w=500&h=-1&s=1,Silver Sands Beach,8.,https://www.tripadvisor.com/Attraction_Review-g295419-d2195029-Reviews-Silver_Sands_Beach-Jeddah_Makkah_Province.html#REVIEWS,Beaches
73,https://www.tripadvisor.com/Attraction_Review-g295419-d3653757-Reviews-Al_Salam_Mall-Jeddah_Makkah_Province.html,https://dynamic-media-cdn.tripadvisor.com/media/photo-s/03/29/b0/f9/al-salam-mall.jpg?w=500&h=400&s=1,Al Salam Mall,9.,https://www.tripadvisor.com/Attraction_Review-g295419-d3653757-Reviews-Al_Salam_Mall-Jeddah_Makkah_Province.html#REVIEWS,Shopping Malls
181,https://www.tripadvisor.com/Attraction_Review-g295419-d319500-Reviews-Biet_Nassif-Jeddah_Makkah_Province.html,https://dynamic-media-cdn.tripadvisor.com/media/photo-o/16/c2/41/75/photo0jpg.jpg?w=500&h=-1&s=1,Biet Nassif,10.,https://www.tripadvisor.com/Attraction_Review-g295419-d319500-Reviews-Biet_Nassif-Jeddah_Makkah_Province.html#REVIEWS,Points of Interest & Landmarks
112,https://www.tripadvisor.com/Attraction_Review-g295419-d318899-Reviews-Gabel_Street_Souq-Jeddah_Makkah_Province.html,https://dynamic-media-cdn.tripadvisor.com/media/photo-o/0f/67/c2/ca/gabel-street.jpg?w=500&h=-1&s=1,Gabel Street Souq,11.,https://www.tripadvisor.com/Attraction_Review-g295419-d318899-Reviews-Gabel_Street_Souq-Jeddah_Makkah_Province.html#REVIEWS,Flea & Street Markets
62,https://www.tripadvisor.com/Attraction_Review-g295419-d4090222-Reviews-Al_Tayebat_International_City-Jeddah_Makkah_Province.html,https://dynamic-media-cdn.tripadvisor.com/media/photo-o/05/9d/5d/95/al-tayebat-international.jpg?w=500&h=400&s=1,Al Tayebat International City,12.,https://www.tripadvisor.com/Attraction_Review-g295419-d4090222-Reviews-Al_Tayebat_International_City-Jeddah_Makkah_Province.html#REVIEWS,Speciality Museums
71,https://www.tripadvisor.com/Attraction_Review-g295419-d3653764-Reviews-Aziz_Mall-Jeddah_Makkah_Province.html,https://dynamic-media-cdn.tripadvisor.com/media/photo-o/08/4e/81/18/aziz-mall.jpg?w=500&h=400&s=1,Aziz Mall,13.,https://www.tripadvisor.com/Attraction_Review-g295419-d3653764-Reviews-Aziz_Mall-Jeddah_Makkah_Province.html#REVIEWS,Shopping Malls
40,https://www.tripadvisor.com/Attraction_Review-g295419-d10757680-Reviews-Flamingo_Mall-Jeddah_Makkah_Province.html,https://dynamic-media-cdn.tripadvisor.com/media/photo-o/14/b3/ef/8b/imag2289-largejpg.jpg?w=500&h=400&s=1,Flamingo Mall,14.,https://www.tripadvisor.com/Attraction_Review-g295419-d10757680-Reviews-Flamingo_Mall-Jeddah_Makkah_Province.html#REVIEWS,Department Stores • Shopping Malls
510,https://www.tripadvisor.com/Attraction_Review-g295419-d7208956-Reviews-Jeddah_Flagpole-Jeddah_Makkah_Province.html,https://dynamic-media-cdn.tripadvisor.com/media/photo-o/0b/0e/3b/b6/world-s-tallest-unsupported.jpg?w=500&h=400&s=1,Jeddah Flagpole,15.,https://www.tripadvisor.com/Attraction_Review-g295419-d7208956-Reviews-Jeddah_Flagpole-Jeddah_Makkah_Province.html#REVIEWS,Points of Interest & Landmarks
52,https://www.tripadvisor.com/Attraction_Review-g295419-d5560551-Reviews-Al_Shallal_Theme_Park-Jeddah_Makkah_Province.html,https://dynamic-media-cdn.tripadvisor.com/media/photo-o/05/dd/68/d5/shallal-park.jpg?w=500&h=-1&s=1,Al-Shallal Theme Park,16.,https://www.tripadvisor.com/Attraction_Review-g295419-d5560551-Reviews-Al_Shallal_Theme_Park-Jeddah_Makkah_Province.html#REVIEWS,Amusement & Theme Parks
22,https://www.tripadvisor.com/Attraction_Review-g295419-d13535062-Reviews-Jeddah_Water_Front_Park-Jeddah_Makkah_Province.html,https://dynamic-media-cdn.tripadvisor.com/media/photo-o/13/01/02/a3/the-new-jeddah-waterfront.jpg?w=500&h=400&s=1,Jeddah Water Front Park,17.,https://www.tripadvisor.com/Attraction_Review-g295419-d13535062-Reviews-Jeddah_Water_Front_Park-Jeddah_Makkah_Province.html#REVIEWS,Beaches
25,https://www.tripadvisor.com/Attraction_Review-g295419-d12216344-Reviews-Alandalus_Mall-Jeddah_Makkah_Province.html,https://dynamic-media-cdn.tripadvisor.com/media/photo-o/0f/b8/4c/96/alandalus-mall.jpg?w=500&h=400&s=1,Alandalus Mall,18.,https://www.tripadvisor.com/Attraction_Review-g295419-d12216344-Reviews-Alandalus_Mall-Jeddah_Makkah_Province.html#REVIEWS,Shopping Malls
89,https://www.tripadvisor.com/Attraction_Review-g295419-d319518-Reviews-Makkah_Gate-Jeddah_Makkah_Province.html,https://dynamic-media-cdn.tripadvisor.com/media/photo-o/0f/38/bc/b3/starting-of-haram.jpg?w=500&h=-1&s=1,Makkah Gate,19.,https://www.tripadvisor.com/Attraction_Review-g295419-d319518-Reviews-Makkah_Gate-Jeddah_Makkah_Province.html#REVIEWS,Points of Interest & Landmarks
286,https://www.tripadvisor.com/Attraction_Review-g295419-d319514-Reviews-Bicycle_Square-Jeddah_Makkah_Province.html,https://dynamic-media-cdn.tripadvisor.com/media/photo-o/05/c5/89/1d/bicycle-square-midan.jpg?w=500&h=-1&s=1,Bicycle Square,20.,https://www.tripadvisor.com/Attraction_Review-g295419-d319514-Reviews-Bicycle_Square-Jeddah_Makkah_Province.html#REVIEWS,Points of Interest & Landmarks
79,https://www.tripadvisor.com/Attraction_Review-g295419-d3653758-Reviews-Haifaa_Mall-Jeddah_Makkah_Province.html,https://dynamic-media-cdn.tripadvisor.com/media/photo-o/09/ae/f8/26/haifaa-mall.jpg?w=500&h=400&s=1,haifaa Mall,21.,https://www.tripadvisor.com/Attraction_Review-g295419-d3653758-Reviews-Haifaa_Mall-Jeddah_Makkah_Province.html#REVIEWS,Shopping Malls
15,https://www.tripadvisor.com/Attraction_Review-g295419-d12876010-Reviews-Central_Fish_Market-Jeddah_Makkah_Province.html,https://dynamic-media-cdn.tripadvisor.com/media/photo-o/15/c6/72/b7/central-fish-market.jpg?w=500&h=400&s=1,Central Fish Market,22.,https://www.tripadvisor.com/Attraction_Review-g295419-d12876010-Reviews-Central_Fish_Market-Jeddah_Makkah_Province.html#REVIEWS,Farmers Markets
26,https://www.tripadvisor.com/Attraction_Review-g295419-d12556471-Reviews-Al_Jaffali_Mosque-Jeddah_Makkah_Province.html,https://dynamic-media-cdn.tripadvisor.com/media/photo-o/17/43/b3/9c/the-mosque.jpg?w=500&h=400&s=1,Al-Jaffali Mosque,23.,https://www.tripadvisor.com/Attraction_Review-g295419-d12556471-Reviews-Al_Jaffali_Mosque-Jeddah_Makkah_Province.html#REVIEWS,Religious Sites
225,https://www.tripadvisor.com/Attraction_Review-g295419-d7194066-Reviews-Globe_Roundabout-Jeddah_Makkah_Province.html,https://dynamic-media-cdn.tripadvisor.com/media/photo-o/16/47/31/11/img-2387669847669-largejpg.jpg?w=500&h=400&s=1,Globe Roundabout,24.,https://www.tripadvisor.com/Attraction_Review-g295419-d7194066-Reviews-Globe_Roundabout-Jeddah_Makkah_Province.html#REVIEWS,Points of Interest & Landmarks
26,https://www.tripadvisor.com/Attraction_Review-g295419-d10748135-Reviews-Hassan_Enany_Mosque-Jeddah_Makkah_Province.html,https://dynamic-media-cdn.tripadvisor.com/media/photo-o/0f/d1/9b/91/hassan-enany-mosque.jpg?w=500&h=400&s=1,Hassan Enany Mosque,25.,https://www.tripadvisor.com/Attraction_Review-g295419-d10748135-Reviews-Hassan_Enany_Mosque-Jeddah_Makkah_Province.html#REVIEWS,Points of Interest & Landmarks • Historic Walking Areas
31,https://www.tripadvisor.com/Attraction_Review-g295419-d8400952-Reviews-Khadija_Baghlaf_Mosque-Jeddah_Makkah_Province.html,https://dynamic-media-cdn.tripadvisor.com/media/photo-o/08/3c/8a/f8/getlstd-property-photo.jpg?w=500&h=400&s=1,Khadija Baghlaf Mosque,26.,https://www.tripadvisor.com/Attraction_Review-g295419-d8400952-Reviews-Khadija_Baghlaf_Mosque-Jeddah_Makkah_Province.html#REVIEWS,Religious Sites
34,https://www.tripadvisor.com/Attraction_Review-g295419-d9997459-Reviews-Heraa_International_Mall-Jeddah_Makkah_Province.html,https://dynamic-media-cdn.tripadvisor.com/media/photo-o/0e/95/70/bc/caption.jpg?w=500&h=400&s=1,Heraa International Mall,27.,https://www.tripadvisor.com/Attraction_Review-g295419-d9997459-Reviews-Heraa_International_Mall-Jeddah_Makkah_Province.html#REVIEWS,Shopping Malls
39,https://www.tripadvisor.com/Attraction_Review-g295419-d6700563-Reviews-Jeddah_Lighthouse-Jeddah_Makkah_Province.html,https://dynamic-media-cdn.tripadvisor.com/media/photo-o/0b/3e/2b/cb/jeddah-lighthouse-height.jpg?w=500&h=-1&s=1,Jeddah Lighthouse,28.,https://www.tripadvisor.com/Attraction_Review-g295419-d6700563-Reviews-Jeddah_Lighthouse-Jeddah_Makkah_Province.html#REVIEWS,Points of Interest & Landmarks
11,https://www.tripadvisor.com/Attraction_Review-g295419-d10020473-Reviews-Jeddah_Summer_Festival_Fireworks-Jeddah_Makkah_Province.html,https://dynamic-media-cdn.tripadvisor.com/media/photo-o/0d/60/a8/9c/jeddah-ghair.jpg?w=400&h=-1&s=1,Jeddah Summer Festival - Fireworks,29.,https://www.tripadvisor.com/Attraction_Review-g295419-d10020473-Reviews-Jeddah_Summer_Festival_Fireworks-Jeddah_Makkah_Province.html#REVIEWS,Cultural Events
4,https://www.tripadvisor.com/Attraction_Review-g295419-d15814883-Reviews-King_Abdullah_Sports_City-Jeddah_Makkah_Province.html,https://dynamic-media-cdn.tripadvisor.com/media/photo-o/16/32/db/76/arriving-via-gate-5.jpg?w=500&h=400&s=1,King Abdullah Sports City,30.,https://www.tripadvisor.com/Attraction_Review-g295419-d15814883-Reviews-King_Abdullah_Sports_City-Jeddah_Makkah_Province.html#REVIEWS,Sports Complexes
1,,,,,,2
6,https://www.tripadvisor.com/Attraction_Review-g295419-d14979174-Reviews-Roshan_Mall-Jeddah_Makkah_Province.html,https://dynamic-media-cdn.tripadvisor.com/media/photo-o/16/bc/f5/70/20190309-145740-largejpg.jpg?w=500&h=400&s=1,Roshan Mall,31.,https://www.tripadvisor.com/Attraction_Review-g295419-d14979174-Reviews-Roshan_Mall-Jeddah_Makkah_Province.html#REVIEWS,Shopping Malls
14,https://www.tripadvisor.com/Attraction_Review-g295419-d16723919-Reviews-Vox_Cinema-Jeddah_Makkah_Province.html,https://dynamic-media-cdn.tripadvisor.com/media/photo-o/17/f5/a6/b4/photo0jpg.jpg?w=500&h=400&s=1,Vox Cinema,32.,https://www.tripadvisor.com/Attraction_Review-g295419-d16723919-Reviews-Vox_Cinema-Jeddah_Makkah_Province.html#REVIEWS,Neighborhoods
19,https://www.tripadvisor.com/Attraction_Review-g295419-d7186534-Reviews-Athr_Gallery-Jeddah_Makkah_Province.html,https://dynamic-media-cdn.tripadvisor.com/media/photo-o/0a/a6/02/ea/athr-space-1.jpg?w=500&h=400&s=1,Athr Gallery,33.,https://www.tripadvisor.com/Attraction_Review-g295419-d7186534-Reviews-Athr_Gallery-Jeddah_Makkah_Province.html#REVIEWS,Points of Interest & Landmarks
14,https://www.tripadvisor.com/Attraction_Review-g295419-d3488148-Reviews-Darat_Safeya_Bizagr-Jeddah_Makkah_Province.html,https://dynamic-media-cdn.tripadvisor.com/media/photo-o/09/ed/ec/a1/darat-safeya-bizagr.jpg?w=500&h=-1&s=1,Darat Safeya Bizagr,34.,https://www.tripadvisor.com/Attraction_Review-g295419-d3488148-Reviews-Darat_Safeya_Bizagr-Jeddah_Makkah_Province.html#REVIEWS,Art Galleries
6,https://www.tripadvisor.com/Attraction_Review-g295419-d13822457-Reviews-Corniche_Commercial_Center-Jeddah_Makkah_Province.html,https://dynamic-media-cdn.tripadvisor.com/media/photo-o/16/ea/a2/8e/20190323-110930-largejpg.jpg?w=500&h=400&s=1,Corniche Commercial Center,35.,https://www.tripadvisor.com/Attraction_Review-g295419-d13822457-Reviews-Corniche_Commercial_Center-Jeddah_Makkah_Province.html#REVIEWS,Shopping Malls
7,https://www.tripadvisor.com/Attraction_Review-g295419-d12407326-Reviews-Jack_N_Jill-Jeddah_Makkah_Province.html,https://dynamic-media-cdn.tripadvisor.com/media/photo-o/10/34/e3/9a/jack-n-jill.jpg?w=500&h=-1&s=1,Jack N Jill,36.,https://www.tripadvisor.com/Attraction_Review-g295419-d12407326-Reviews-Jack_N_Jill-Jeddah_Makkah_Province.html#REVIEWS,Playgrounds
9,https://www.tripadvisor.com/Attraction_Review-g295419-d12877791-Reviews-Jeddah_Our_Days_of_Bliss_Magad_Museum-Jeddah_Makkah_Province.html,https://dynamic-media-cdn.tripadvisor.com/media/photo-o/10/ba/e7/22/caption.jpg?w=500&h=-1&s=1,Jeddah Our Days of Bliss Magad Museum,37.,https://www.tripadvisor.com/Attraction_Review-g295419-d12877791-Reviews-Jeddah_Our_Days_of_Bliss_Magad_Museum-Jeddah_Makkah_Province.html#REVIEWS,History Museums
5,https://www.tripadvisor.com/Attraction_Review-g295419-d12267640-Reviews-Hafez_Gallery-Jeddah_Makkah_Province.html,,Hafez Gallery,38.,https://www.tripadvisor.com/Attraction_Review-g295419-d12267640-Reviews-Hafez_Gallery-Jeddah_Makkah_Province.html#REVIEWS,Art Galleries • Art Museums
20,https://www.tripadvisor.com/Attraction_Review-g295419-d7272118-Reviews-Gallery_One-Jeddah_Makkah_Province.html,https://dynamic-media-cdn.tripadvisor.com/media/photo-o/08/42/e8/b4/destination-in-time-by.jpg?w=500&h=-1&s=1,Gallery One,39.,https://www.tripadvisor.com/Attraction_Review-g295419-d7272118-Reviews-Gallery_One-Jeddah_Makkah_Province.html#REVIEWS,Points of Interest & Landmarks
4,https://www.tripadvisor.com/Attraction_Review-g295419-d13135829-Reviews-Jameel_House_of_Traditional_Arts_Jeddah-Jeddah_Makkah_Province.html,https://dynamic-media-cdn.tripadvisor.com/media/photo-o/1b/96/19/32/original-1000-000sr.jpg?w=500&h=-1&s=1,Jameel House of Traditional Arts Jeddah,40.,https://www.tripadvisor.com/Attraction_Review-g295419-d13135829-Reviews-Jameel_House_of_Traditional_Arts_Jeddah-Jeddah_Makkah_Province.html#REVIEWS,Art Galleries • Art Museums
1,https://www.tripadvisor.com/Attraction_Review-g295419-d10020477-Reviews-Hayya_Jeddah_Festival-Jeddah_Makkah_Province.html,,Hayya Jeddah Festival,41.,https://www.tripadvisor.com/Attraction_Review-g295419-d10020477-Reviews-Hayya_Jeddah_Festival-Jeddah_Makkah_Province.html#REVIEWS,Cultural Events
1,https://www.tripadvisor.com/Attraction_Review-g295419-d16828166-Reviews-Stars_Avenue_Mall-Jeddah_Makkah_Province.html,,Stars Avenue Mall,42.,https://www.tripadvisor.com/Attraction_Review-g295419-d16828166-Reviews-Stars_Avenue_Mall-Jeddah_Makkah_Province.html#REVIEWS,Shopping Malls
58,https://www.tripadvisor.com/Attraction_Review-g295419-d13087291-Reviews-Bounce_Jeddah-Jeddah_Makkah_Province.html,https://dynamic-media-cdn.tripadvisor.com/media/photo-o/12/14/ca/ef/photo0jpg.jpg?w=500&h=400&s=1,Bounce Jeddah,43.,https://www.tripadvisor.com/Attraction_Review-g295419-d13087291-Reviews-Bounce_Jeddah-Jeddah_Makkah_Province.html#REVIEWS,Sports Complexes • Other Fun & Games
97,https://www.tripadvisor.com/Attraction_Review-g295419-d2173575-Reviews-Desert_Sea_Divers-Jeddah_Makkah_Province.html,https://dynamic-media-cdn.tripadvisor.com/media/photo-o/0f/5d/bd/75/diver-make-giant-stride.jpg?w=500&h=400&s=1,Desert Sea Divers,44.,https://www.tripadvisor.com/Attraction_Review-g295419-d2173575-Reviews-Desert_Sea_Divers-Jeddah_Makkah_Province.html#REVIEWS,Scuba & Snorkelling • Boat Tours
14,https://www.tripadvisor.com/Attraction_Review-g295419-d17670003-Reviews-Travaganza_Adventures-Jeddah_Makkah_Province.html,https://dynamic-media-cdn.tripadvisor.com/media/photo-o/18/16/3b/fb/caption.jpg?w=500&h=400&s=1,Travaganza Adventures,45.,https://www.tripadvisor.com/Attraction_Review-g295419-d17670003-Reviews-Travaganza_Adventures-Jeddah_Makkah_Province.html#REVIEWS,Multi-day Tours • Canyoning & Rappelling Tours
41,https://www.tripadvisor.com/Attraction_Review-g295419-d2615561-Reviews-IN10SO-Jeddah_Makkah_Province.html,https://dynamic-media-cdn.tripadvisor.com/media/photo-o/0e/88/60/a7/in10so-racetrack.jpg?w=500&h=400&s=1,IN10SO,46.,https://www.tripadvisor.com/Attraction_Review-g295419-d2615561-Reviews-IN10SO-Jeddah_Makkah_Province.html#REVIEWS,Bowling Alleys • Escape Games
21,https://www.tripadvisor.com/Attraction_Review-g295419-d10748252-Reviews-Escape_Hunt_Jeddah-Jeddah_Makkah_Province.html,https://dynamic-media-cdn.tripadvisor.com/media/photo-o/14/ca/4d/20/looking-for-a-new-experience.jpg?w=500&h=400&s=1,Escape Hunt Jeddah,47.,https://www.tripadvisor.com/Attraction_Review-g295419-d10748252-Reviews-Escape_Hunt_Jeddah-Jeddah_Makkah_Province.html#REVIEWS,Escape Games
14,https://www.tripadvisor.com/Attraction_Review-g295419-d16827051-Reviews-Dive_Point_Jeddah-Jeddah_Makkah_Province.html,https://dynamic-media-cdn.tripadvisor.com/media/photo-o/16/db/30/65/caption.jpg?w=500&h=400&s=1,Dive Point Jeddah,48.,https://www.tripadvisor.com/Attraction_Review-g295419-d16827051-Reviews-Dive_Point_Jeddah-Jeddah_Makkah_Province.html#REVIEWS,Scuba & Snorkelling • Shark Diving
14,https://www.tripadvisor.com/Attraction_Review-g295419-d15656337-Reviews-Overboard-Jeddah_Makkah_Province.html,https://dynamic-media-cdn.tripadvisor.com/media/photo-o/16/28/e6/f9/desert-camp-in-jeddah.jpg?w=500&h=400&s=1,Overboard,49.,https://www.tripadvisor.com/Attraction_Review-g295419-d15656337-Reviews-Overboard-Jeddah_Makkah_Province.html#REVIEWS,Scuba & Snorkelling • Water Sports
18,https://www.tripadvisor.com/Attraction_Review-g295419-d12857430-Reviews-KidZania_Jeddah-Jeddah_Makkah_Province.html,https://dynamic-media-cdn.tripadvisor.com/media/photo-o/11/36/10/12/kidzania.jpg?w=500&h=400&s=1,KidZania Jeddah,50.,https://www.tripadvisor.com/Attraction_Review-g295419-d12857430-Reviews-KidZania_Jeddah-Jeddah_Makkah_Province.html#REVIEWS,Game & Entertainment Centers
9,https://www.tripadvisor.com/Attraction_Review-g295419-d15122500-Reviews-The_Escape_Hotel-Jeddah_Makkah_Province.html,https://dynamic-media-cdn.tripadvisor.com/media/photo-o/15/68/61/a6/are-you-brave-enough.jpg?w=500&h=400&s=1,The Escape Hotel,51.,https://www.tripadvisor.com/Attraction_Review-g295419-d15122500-Reviews-The_Escape_Hotel-Jeddah_Makkah_Province.html#REVIEWS,Escape Games
5,https://www.tripadvisor.com/Attraction_Review-g295419-d23457173-Reviews-Dive_with_Imed-Jeddah_Makkah_Province.html,https://dynamic-media-cdn.tripadvisor.com/media/photo-o/1d/24/85/8c/caption.jpg?w=500&h=400&s=1,Dive with Imed,52.,https://www.tripadvisor.com/Attraction_Review-g295419-d23457173-Reviews-Dive_with_Imed-Jeddah_Makkah_Province.html#REVIEWS,Sports Camps & Clinics • Scuba & Snorkelling
12,https://www.tripadvisor.com/Attraction_Review-g295419-d12187813-Reviews-Novus_Escape_Room-Jeddah_Makkah_Province.html,https://dynamic-media-cdn.tripadvisor.com/media/photo-o/0e/8c/fb/54/entrance.jpg?w=500&h=400&s=1,Novus Escape Room,53.,https://www.tripadvisor.com/Attraction_Review-g295419-d12187813-Reviews-Novus_Escape_Room-Jeddah_Makkah_Province.html#REVIEWS,Escape Games
15,https://www.tripadvisor.com/Attraction_Review-g295419-d5827972-Reviews-West_Sky_Aviation-Jeddah_Makkah_Province.html,https://dynamic-media-cdn.tripadvisor.com/media/photo-o/05/2c/97/4b/aviation-sports.jpg?w=500&h=400&s=1,West Sky Aviation,54.,https://www.tripadvisor.com/Attraction_Review-g295419-d5827972-Reviews-West_Sky_Aviation-Jeddah_Makkah_Province.html#REVIEWS,Air Tours
8,https://www.tripadvisor.com/Attraction_Review-g295419-d10832641-Reviews-The_Secret_Room-Jeddah_Makkah_Province.html,https://dynamic-media-cdn.tripadvisor.com/media/photo-o/0e/fb/59/d7/photo1jpg.jpg?w=500&h=400&s=1,The Secret Room,55.,https://www.tripadvisor.com/Attraction_Review-g295419-d10832641-Reviews-The_Secret_Room-Jeddah_Makkah_Province.html#REVIEWS,Escape Games • Scavenger Hunts
4,https://www.tripadvisor.com/Attraction_Review-g295419-d23258951-Reviews-Al_Harbi_Transport_for_Umrah_and_Hajj-Jeddah_Makkah_Province.html,https://dynamic-media-cdn.tripadvisor.com/media/photo-o/1c/c6/16/00/caption.jpg?w=500&h=400&s=1,Al-Harbi Transport for Umrah and Hajj,56.,https://www.tripadvisor.com/Attraction_Review-g295419-d23258951-Reviews-Al_Harbi_Transport_for_Umrah_and_Hajj-Jeddah_Makkah_Province.html#REVIEWS,Safaris • Taxis & Shuttles
30,https://www.tripadvisor.com/Attraction_Review-g295419-d6950393-Reviews-Jeddah_International_Market-Jeddah_Makkah_Province.html,https://dynamic-media-cdn.tripadvisor.com/media/photo-o/0c/00/f5/82/photo3jpg.jpg?w=500&h=400&s=1,Jeddah International Market,57.,https://www.tripadvisor.com/Attraction_Review-g295419-d6950393-Reviews-Jeddah_International_Market-Jeddah_Makkah_Province.html#REVIEWS,Speciality & Gift Shops
29,https://www.tripadvisor.com/Attraction_Review-g295419-d9740183-Reviews-Al_Haddad_SCUBA-Jeddah_Makkah_Province.html,https://dynamic-media-cdn.tripadvisor.com/media/photo-o/0b/b2/76/3d/al-haddad-scuba.jpg?w=500&h=-1&s=1,Al-Haddad SCUBA,58.,https://www.tripadvisor.com/Attraction_Review-g295419-d9740183-Reviews-Al_Haddad_SCUBA-Jeddah_Makkah_Province.html#REVIEWS,Scuba & Snorkelling • Shark Diving
5,https://www.tripadvisor.com/Attraction_Review-g295419-d19142250-Reviews-Saudi_Arabia_Tours-Jeddah_Makkah_Province.html,https://dynamic-media-cdn.tripadvisor.com/media/photo-o/19/9a/b8/51/caption.jpg?w=500&h=400&s=1,Saudi Arabia Tours,59.,https://www.tripadvisor.com/Attraction_Review-g295419-d19142250-Reviews-Saudi_Arabia_Tours-Jeddah_Makkah_Province.html#REVIEWS,Multi-day Tours • Safaris
4,https://www.tripadvisor.com/Attraction_Review-g295419-d17431712-Reviews-Orca_Divers_SA-Jeddah_Makkah_Province.html,https://dynamic-media-cdn.tripadvisor.com/media/photo-o/17/6f/ba/1a/caption.jpg?w=500&h=400&s=1,Orca Divers SA,60.,https://www.tripadvisor.com/Attraction_Review-g295419-d17431712-Reviews-Orca_Divers_SA-Jeddah_Makkah_Province.html#REVIEWS,Scuba & Snorkelling • Adrenaline & Extreme Tours
2,,,,,,1
6,https://www.tripadvisor.com/Attraction_Review-g295419-d14979174-Reviews-Roshan_Mall-Jeddah_Makkah_Province.html,https://dynamic-media-cdn.tripadvisor.com/media/photo-o/16/bc/f5/70/20190309-145740-largejpg.jpg?w=500&h=400&s=1,Roshan Mall,31.,https://www.tripadvisor.com/Attraction_Review-g295419-d14979174-Reviews-Roshan_Mall-Jeddah_Makkah_Province.html#REVIEWS,Shopping Malls
14,https://www.tripadvisor.com/Attraction_Review-g295419-d16723919-Reviews-Vox_Cinema-Jeddah_Makkah_Province.html,https://dynamic-media-cdn.tripadvisor.com/media/photo-o/17/f5/a6/b4/photo0jpg.jpg?w=500&h=400&s=1,Vox Cinema,32.,https://www.tripadvisor.com/Attraction_Review-g295419-d16723919-Reviews-Vox_Cinema-Jeddah_Makkah_Province.html#REVIEWS,Neighborhoods
19,https://www.tripadvisor.com/Attraction_Review-g295419-d7186534-Reviews-Athr_Gallery-Jeddah_Makkah_Province.html,https://dynamic-media-cdn.tripadvisor.com/media/photo-o/0a/a6/02/ea/athr-space-1.jpg?w=500&h=400&s=1,Athr Gallery,33.,https://www.tripadvisor.com/Attraction_Review-g295419-d7186534-Reviews-Athr_Gallery-Jeddah_Makkah_Province.html#REVIEWS,Points of Interest & Landmarks
14,https://www.tripadvisor.com/Attraction_Review-g295419-d3488148-Reviews-Darat_Safeya_Bizagr-Jeddah_Makkah_Province.html,https://dynamic-media-cdn.tripadvisor.com/media/photo-o/09/ed/ec/a1/darat-safeya-bizagr.jpg?w=500&h=-1&s=1,Darat Safeya Bizagr,34.,https://www.tripadvisor.com/Attraction_Review-g295419-d3488148-Reviews-Darat_Safeya_Bizagr-Jeddah_Makkah_Province.html#REVIEWS,Art Galleries
6,https://www.tripadvisor.com/Attraction_Review-g295419-d13822457-Reviews-Corniche_Commercial_Center-Jeddah_Makkah_Province.html,https://dynamic-media-cdn.tripadvisor.com/media/photo-o/16/ea/a2/8e/20190323-110930-largejpg.jpg?w=500&h=400&s=1,Corniche Commercial Center,35.,https://www.tripadvisor.com/Attraction_Review-g295419-d13822457-Reviews-Corniche_Commercial_Center-Jeddah_Makkah_Province.html#REVIEWS,Shopping Malls
3,,,,,,1
3,https://www.tripadvisor.com/Attraction_Review-g295419-d23486462-Reviews-Fins_Flash-Jeddah_Makkah_Province.html,https://dynamic-media-cdn.tripadvisor.com/media/photo-o/1d/43/6c/ba/an-underwater-self-portrait.jpg?w=500&h=400&s=1,Fins & Flash,61.,https://www.tripadvisor.com/Attraction_Review-g295419-d23486462-Reviews-Fins_Flash-Jeddah_Makkah_Province.html#REVIEWS,Scuba & Snorkelling
14,https://www.tripadvisor.com/Attraction_Review-g295419-d4403499-Reviews-Jeddah_Comedy_Club-Jeddah_Makkah_Province.html,https://dynamic-media-cdn.tripadvisor.com/media/photo-o/04/6f/1a/c4/yaser-bakr-hosting-the.jpg?w=500&h=400&s=1,Jeddah Comedy Club,62.,https://www.tripadvisor.com/Attraction_Review-g295419-d4403499-Reviews-Jeddah_Comedy_Club-Jeddah_Makkah_Province.html#REVIEWS,Bars & Clubs • Comedy Clubs
6,https://www.tripadvisor.com/Attraction_Review-g295419-d12218728-Reviews-MazeBox-Jeddah_Makkah_Province.html,https://dynamic-media-cdn.tripadvisor.com/media/photo-o/1b/89/72/2d/mazebox.jpg?w=500&h=400&s=1,MazeBox,63.,https://www.tripadvisor.com/Attraction_Review-g295419-d12218728-Reviews-MazeBox-Jeddah_Makkah_Province.html#REVIEWS,Escape Games
5,https://www.tripadvisor.com/Attraction_Review-g295419-d20812214-Reviews-Hope_Of_Spring_Dive-Jeddah_Makkah_Province.html,https://dynamic-media-cdn.tripadvisor.com/media/photo-o/1b/48/ff/46/caption.jpg?w=500&h=400&s=1,Hope Of Spring Dive,64.,https://www.tripadvisor.com/Attraction_Review-g295419-d20812214-Reviews-Hope_Of_Spring_Dive-Jeddah_Makkah_Province.html#REVIEWS,Sports Camps & Clinics • Scuba & Snorkelling
2,https://www.tripadvisor.com/Attraction_Review-g295419-d23381357-Reviews-Tuflah_Well-Jeddah_Makkah_Province.html,https://dynamic-media-cdn.tripadvisor.com/media/photo-o/21/de/38/57/caption.jpg?w=500&h=-1&s=1,Tuflah Well,65.,https://www.tripadvisor.com/Attraction_Review-g295419-d23381357-Reviews-Tuflah_Well-Jeddah_Makkah_Province.html#REVIEWS,Ancient Ruins • Points of Interest & Landmarks
4,https://www.tripadvisor.com/Attraction_Review-g295419-d12198659-Reviews-Exit_the_Room-Jeddah_Makkah_Province.html,https://dynamic-media-cdn.tripadvisor.com/media/photo-o/0e/9b/65/64/from-inside-mall.jpg?w=500&h=400&s=1,Exit the Room,66.,https://www.tripadvisor.com/Attraction_Review-g295419-d12198659-Reviews-Exit_the_Room-Jeddah_Makkah_Province.html#REVIEWS,Escape Games • Game & Entertainment Centers
2,https://www.tripadvisor.com/Attraction_Review-g295419-d20403690-Reviews-Bab_Makkah_Souk-Jeddah_Makkah_Province.html,https://dynamic-media-cdn.tripadvisor.com/media/photo-o/1b/3f/d2/84/bab-makkah-souk.jpg?w=500&h=400&s=1,Bab Makkah Souk,67.,https://www.tripadvisor.com/Attraction_Review-g295419-d20403690-Reviews-Bab_Makkah_Souk-Jeddah_Makkah_Province.html#REVIEWS,Points of Interest & Landmarks
2,https://www.tripadvisor.com/Attraction_Review-g295419-d20403687-Reviews-Bab_Makkah-Jeddah_Makkah_Province.html,https://dynamic-media-cdn.tripadvisor.com/media/photo-o/21/c2/08/d1/caption.jpg?w=500&h=-1&s=1,Bab Makkah,68.,https://www.tripadvisor.com/Attraction_Review-g295419-d20403687-Reviews-Bab_Makkah-Jeddah_Makkah_Province.html#REVIEWS,Historic Sites • Points of Interest & Landmarks
4,https://www.tripadvisor.com/Attraction_Review-g295419-d7198123-Reviews-Gulf_Divers_Group-Jeddah_Makkah_Province.html,https://dynamic-media-cdn.tripadvisor.com/media/photo-o/0d/bd/06/41/me-and-my-uncle-with.jpg?w=500&h=400&s=1,Gulf Divers Group,69.,https://www.tripadvisor.com/Attraction_Review-g295419-d7198123-Reviews-Gulf_Divers_Group-Jeddah_Makkah_Province.html#REVIEWS,Scuba & Snorkelling
8,https://www.tripadvisor.com/Attraction_Review-g295419-d11949823-Reviews-Umrah_Shuttle-Jeddah_Makkah_Province.html,,Umrah Shuttle,70.,https://www.tripadvisor.com/Attraction_Review-g295419-d11949823-Reviews-Umrah_Shuttle-Jeddah_Makkah_Province.html#REVIEWS,Taxis & Shuttles
6,https://www.tripadvisor.com/Attraction_Review-g295419-d4764300-Reviews-Albatoul_Marine-Jeddah_Makkah_Province.html,https://dynamic-media-cdn.tripadvisor.com/media/photo-o/04/81/dd/40/albatoul-marine.jpg?w=500&h=-1&s=1,Albatoul Marine,71.,https://www.tripadvisor.com/Attraction_Review-g295419-d4764300-Reviews-Albatoul_Marine-Jeddah_Makkah_Province.html#REVIEWS,Adrenaline & Extreme Tours
1,https://www.tripadvisor.com/Attraction_Review-g295419-d23138555-Reviews-Xtreme_Play-Jeddah_Makkah_Province.html,https://dynamic-media-cdn.tripadvisor.com/media/photo-o/21/99/13/2f/trampoline-park.jpg?w=500&h=400&s=1,Xtreme Play,72.,https://www.tripadvisor.com/Attraction_Review-g295419-d23138555-Reviews-Xtreme_Play-Jeddah_Makkah_Province.html#REVIEWS,Game & Entertainment Centers
1,https://www.tripadvisor.com/Attraction_Review-g295419-d23520481-Reviews-Fun_Island-Jeddah_Makkah_Province.html,https://dynamic-media-cdn.tripadvisor.com/media/photo-o/1d/67/f4/04/caption.jpg?w=500&h=400&s=1,Fun Island,73.,https://www.tripadvisor.com/Attraction_Review-g295419-d23520481-Reviews-Fun_Island-Jeddah_Makkah_Province.html#REVIEWS,Game & Entertainment Centers
1,https://www.tripadvisor.com/Attraction_Review-g295419-d20207758-Reviews-Jeddah_Tours-Jeddah_Makkah_Province.html,,Jeddah Tours,74.,https://www.tripadvisor.com/Attraction_Review-g295419-d20207758-Reviews-Jeddah_Tours-Jeddah_Makkah_Province.html#REVIEWS,Multi-day Tours • Private Tours
1,https://www.tripadvisor.com/Attraction_Review-g295419-d20323752-Reviews-MaxDeep_Dive_Center-Jeddah_Makkah_Province.html,https://dynamic-media-cdn.tripadvisor.com/media/photo-o/1b/29/8d/53/caption.jpg?w=500&h=400&s=1,MaxDeep Dive Center,75.,https://www.tripadvisor.com/Attraction_Review-g295419-d20323752-Reviews-MaxDeep_Dive_Center-Jeddah_Makkah_Province.html#REVIEWS,Scuba & Snorkelling • Boat Tours
1,https://www.tripadvisor.com/Attraction_Review-g295419-d19525427-Reviews-Masaj_Falabayni_Jadah-Jeddah_Makkah_Province.html,https://dynamic-media-cdn.tripadvisor.com/media/photo-o/1b/4f/3d/e9/caption.jpg?w=500&h=400&s=1,Masaj Falabayni Jadah,76.,https://www.tripadvisor.com/Attraction_Review-g295419-d19525427-Reviews-Masaj_Falabayni_Jadah-Jeddah_Makkah_Province.html#REVIEWS,Spas
1,https://www.tripadvisor.com/Attraction_Review-g295419-d20403694-Reviews-Souq_Al_Alawi-Jeddah_Makkah_Province.html,https://dynamic-media-cdn.tripadvisor.com/media/photo-o/1b/3f/d1/fd/souq-al-alawi.jpg?w=500&h=400&s=1,Souq Al Alawi,77.,https://www.tripadvisor.com/Attraction_Review-g295419-d20403694-Reviews-Souq_Al_Alawi-Jeddah_Makkah_Province.html#REVIEWS,Points of Interest & Landmarks
1,https://www.tripadvisor.com/Attraction_Review-g295419-d20403693-Reviews-Toko_Ali_Murah-Jeddah_Makkah_Province.html,https://dynamic-media-cdn.tripadvisor.com/media/photo-o/1b/3f/d2/52/al-mawared-alleyway.jpg?w=500&h=400&s=1,Toko Ali Murah,78.,https://www.tripadvisor.com/Attraction_Review-g295419-d20403693-Reviews-Toko_Ali_Murah-Jeddah_Makkah_Province.html#REVIEWS,Shopping Malls
1,https://www.tripadvisor.com/Attraction_Review-g295419-d20385235-Reviews-Al_Balad_Souk-Jeddah_Makkah_Province.html,https://dynamic-media-cdn.tripadvisor.com/media/photo-o/1b/3f/20/8f/al-balad-souk.jpg?w=500&h=400&s=1,Al Balad Souk,79.,https://www.tripadvisor.com/Attraction_Review-g295419-d20385235-Reviews-Al_Balad_Souk-Jeddah_Makkah_Province.html#REVIEWS,Points of Interest & Landmarks • Historic Walking Areas
1,https://www.tripadvisor.com/Attraction_Review-g295419-d20380435-Reviews-Lake_Al_Arbaeen-Jeddah_Makkah_Province.html,https://dynamic-media-cdn.tripadvisor.com/media/photo-o/1b/3d/16/67/caption.jpg?w=500&h=400&s=1,Lake Al-Arbaeen,80.,https://www.tripadvisor.com/Attraction_Review-g295419-d20380435-Reviews-Lake_Al_Arbaeen-Jeddah_Makkah_Province.html#REVIEWS,Bodies of Water
2,https://www.tripadvisor.com/Attraction_Review-g295419-d20380360-Reviews-Bab_Jadid-Jeddah_Makkah_Province.html,https://dynamic-media-cdn.tripadvisor.com/media/photo-o/1b/4f/cc/f3/caption.jpg?w=500&h=400&s=1,Bab Jadid,81.,https://www.tripadvisor.com/Attraction_Review-g295419-d20380360-Reviews-Bab_Jadid-Jeddah_Makkah_Province.html#REVIEWS,Ancient Ruins • Points of Interest & Landmarks
1,https://www.tripadvisor.com/Attraction_Review-g295419-d17422024-Reviews-One_day_city_tour-Jeddah_Makkah_Province.html,https://dynamic-media-cdn.tripadvisor.com/media/photo-o/1a/c3/f1/f8/caption.jpg?w=500&h=400&s=1,One day city tour,82.,https://www.tripadvisor.com/Attraction_Review-g295419-d17422024-Reviews-One_day_city_tour-Jeddah_Makkah_Province.html#REVIEWS,Taxis & Shuttles • Day Trips
1,https://www.tripadvisor.com/Attraction_Review-g295419-d19981691-Reviews-SMAAASH-Jeddah_Makkah_Province.html,https://dynamic-media-cdn.tripadvisor.com/media/photo-o/1a/bb/20/64/caption.jpg?w=500&h=400&s=1,SMAAASH سماااش,83.,https://www.tripadvisor.com/Attraction_Review-g295419-d19981691-Reviews-SMAAASH-Jeddah_Makkah_Province.html#REVIEWS,Adrenaline & Extreme Tours • Climbing Tours
1,https://www.tripadvisor.com/Attraction_Review-g295419-d16753707-Reviews-Al_Dana_Massage_Center-Jeddah_Makkah_Province.html,https://dynamic-media-cdn.tripadvisor.com/media/photo-o/16/a3/4d/c1/getlstd-property-photo.jpg?w=500&h=400&s=1,Al Dana Massage Center,84.,https://www.tripadvisor.com/Attraction_Review-g295419-d16753707-Reviews-Al_Dana_Massage_Center-Jeddah_Makkah_Province.html#REVIEWS,Hammams & Turkish Baths • Spas
4,https://www.tripadvisor.com/Attraction_Review-g295419-d8387761-Reviews-Jeddah_Lanes-Jeddah_Makkah_Province.html,,Jeddah Lanes,85.,https://www.tripadvisor.com/Attraction_Review-g295419-d8387761-Reviews-Jeddah_Lanes-Jeddah_Makkah_Province.html#REVIEWS,Bowling Alleys
2,https://www.tripadvisor.com/Attraction_Review-g295419-d13281808-Reviews-Jeddah_Tec-Jeddah_Makkah_Province.html,https://dynamic-media-cdn.tripadvisor.com/media/photo-o/15/fb/04/02/amazing-family-time.jpg?w=500&h=400&s=1,Jeddah Tec,86.,https://www.tripadvisor.com/Attraction_Review-g295419-d13281808-Reviews-Jeddah_Tec-Jeddah_Makkah_Province.html#REVIEWS,Scuba & Snorkelling • Boat Tours
1,https://www.tripadvisor.com/Attraction_Review-g295419-d20372092-Reviews-Beit_Sharbatly-Jeddah_Makkah_Province.html,https://dynamic-media-cdn.tripadvisor.com/media/photo-o/21/c2/09/f6/caption.jpg?w=500&h=-1&s=1,Beit Sharbatly,87.,https://www.tripadvisor.com/Attraction_Review-g295419-d20372092-Reviews-Beit_Sharbatly-Jeddah_Makkah_Province.html#REVIEWS,Historic Sites • Architectural Buildings
5,https://www.tripadvisor.com/Attraction_Review-g295419-d20063267-Reviews-Saudi_Safari-Jeddah_Makkah_Province.html,https://dynamic-media-cdn.tripadvisor.com/media/photo-o/1a/b1/34/a3/caption.jpg?w=500&h=400&s=1,Saudi Safari,88.,https://www.tripadvisor.com/Attraction_Review-g295419-d20063267-Reviews-Saudi_Safari-Jeddah_Makkah_Province.html#REVIEWS,Safaris • Taxis & Shuttles
1,https://www.tripadvisor.com/Attraction_Review-g295419-d21205955-Reviews-Al_Saif_Baech-Jeddah_Makkah_Province.html,https://dynamic-media-cdn.tripadvisor.com/media/photo-o/1d/20/5f/5b/al-saif-beach-sunken.jpg?w=300&h=200&s=1,Al Saif Baech,89.,https://www.tripadvisor.com/Attraction_Review-g295419-d21205955-Reviews-Al_Saif_Baech-Jeddah_Makkah_Province.html#REVIEWS,Points of Interest & Landmarks • Scenic Walking Areas
2,https://www.tripadvisor.com/Attraction_Review-g295419-d20397183-Reviews-Al_Shafei_Mosque-Jeddah_Makkah_Province.html,https://dynamic-media-cdn.tripadvisor.com/media/photo-o/1b/d9/1c/1b/20190524-222654-largejpg.jpg?w=500&h=400&s=1,Al Shafei Mosque,90.,https://www.tripadvisor.com/Attraction_Review-g295419-d20397183-Reviews-Al_Shafei_Mosque-Jeddah_Makkah_Province.html#REVIEWS,Religious Sites
4,,,,,,1
3,https://www.tripadvisor.com/Attraction_Review-g295419-d23486462-Reviews-Fins_Flash-Jeddah_Makkah_Province.html,https://dynamic-media-cdn.tripadvisor.com/media/photo-o/1d/43/6c/ba/an-underwater-self-portrait.jpg?w=500&h=400&s=1,Fins & Flash,61.,https://www.tripadvisor.com/Attraction_Review-g295419-d23486462-Reviews-Fins_Flash-Jeddah_Makkah_Province.html#REVIEWS,Scuba & Snorkelling
6,https://www.tripadvisor.com/Attraction_Review-g295419-d12218728-Reviews-MazeBox-Jeddah_Makkah_Province.html,https://dynamic-media-cdn.tripadvisor.com/media/photo-o/1b/89/72/2d/mazebox.jpg?w=500&h=400&s=1,MazeBox,63.,https://www.tripadvisor.com/Attraction_Review-g295419-d12218728-Reviews-MazeBox-Jeddah_Makkah_Province.html#REVIEWS,Escape Games
5,https://www.tripadvisor.com/Attraction_Review-g295419-d20812214-Reviews-Hope_Of_Spring_Dive-Jeddah_Makkah_Province.html,https://dynamic-media-cdn.tripadvisor.com/media/photo-o/1b/48/ff/46/caption.jpg?w=500&h=400&s=1,Hope Of Spring Dive,64.,https://www.tripadvisor.com/Attraction_Review-g295419-d20812214-Reviews-Hope_Of_Spring_Dive-Jeddah_Makkah_Province.html#REVIEWS,Sports Camps & Clinics • Scuba & Snorkelling
2,https://www.tripadvisor.com/Attraction_Review-g295419-d23381357-Reviews-Tuflah_Well-Jeddah_Makkah_Province.html,https://dynamic-media-cdn.tripadvisor.com/media/photo-o/21/de/38/57/caption.jpg?w=500&h=-1&s=1,Tuflah Well,65.,https://www.tripadvisor.com/Attraction_Review-g295419-d23381357-Reviews-Tuflah_Well-Jeddah_Makkah_Province.html#REVIEWS,Ancient Ruins • Points of Interest & Landmarks
4,https://www.tripadvisor.com/Attraction_Review-g295419-d12198659-Reviews-Exit_the_Room-Jeddah_Makkah_Province.html,https://dynamic-media-cdn.tripadvisor.com/media/photo-o/0e/9b/65/64/from-inside-mall.jpg?w=500&h=400&s=1,Exit the Room,66.,https://www.tripadvisor.com/Attraction_Review-g295419-d12198659-Reviews-Exit_the_Room-Jeddah_Makkah_Province.html#REVIEWS,Escape Games • Game & Entertainment Centers
2,https://www.tripadvisor.com/Attraction_Review-g295419-d20403690-Reviews-Bab_Makkah_Souk-Jeddah_Makkah_Province.html,https://dynamic-media-cdn.tripadvisor.com/media/photo-o/1b/3f/d2/84/bab-makkah-souk.jpg?w=500&h=400&s=1,Bab Makkah Souk,67.,https://www.tripadvisor.com/Attraction_Review-g295419-d20403690-Reviews-Bab_Makkah_Souk-Jeddah_Makkah_Province.html#REVIEWS,Points of Interest & Landmarks
2,https://www.tripadvisor.com/Attraction_Review-g295419-d20403687-Reviews-Bab_Makkah-Jeddah_Makkah_Province.html,https://dynamic-media-cdn.tripadvisor.com/media/photo-o/21/c2/08/d1/caption.jpg?w=500&h=-1&s=1,Bab Makkah,68.,https://www.tripadvisor.com/Attraction_Review-g295419-d20403687-Reviews-Bab_Makkah-Jeddah_Makkah_Province.html#REVIEWS,Historic Sites • Points of Interest & Landmarks
4,https://www.tripadvisor.com/Attraction_Review-g295419-d7198123-Reviews-Gulf_Divers_Group-Jeddah_Makkah_Province.html,https://dynamic-media-cdn.tripadvisor.com/media/photo-o/0d/bd/06/41/me-and-my-uncle-with.jpg?w=500&h=400&s=1,Gulf Divers Group,69.,https://www.tripadvisor.com/Attraction_Review-g295419-d7198123-Reviews-Gulf_Divers_Group-Jeddah_Makkah_Province.html#REVIEWS,Scuba & Snorkelling
6,https://www.tripadvisor.com/Attraction_Review-g295419-d4764300-Reviews-Albatoul_Marine-Jeddah_Makkah_Province.html,https://dynamic-media-cdn.tripadvisor.com/media/photo-o/04/81/dd/40/albatoul-marine.jpg?w=500&h=-1&s=1,Albatoul Marine,71.,https://www.tripadvisor.com/Attraction_Review-g295419-d4764300-Reviews-Albatoul_Marine-Jeddah_Makkah_Province.html#REVIEWS,Adrenaline & Extreme Tours
1,https://www.tripadvisor.com/Attraction_Review-g295419-d23138555-Reviews-Xtreme_Play-Jeddah_Makkah_Province.html,https://dynamic-media-cdn.tripadvisor.com/media/photo-o/21/99/13/2f/trampoline-park.jpg?w=500&h=400&s=1,Xtreme Play,72.,https://www.tripadvisor.com/Attraction_Review-g295419-d23138555-Reviews-Xtreme_Play-Jeddah_Makkah_Province.html#REVIEWS,Game & Entertainment Centers
1,https://www.tripadvisor.com/Attraction_Review-g295419-d23520481-Reviews-Fun_Island-Jeddah_Makkah_Province.html,https://dynamic-media-cdn.tripadvisor.com/media/photo-o/1d/67/f4/04/caption.jpg?w=500&h=400&s=1,Fun Island,73.,https://www.tripadvisor.com/Attraction_Review-g295419-d23520481-Reviews-Fun_Island-Jeddah_Makkah_Province.html#REVIEWS,Game & Entertainment Centers
1,https://www.tripadvisor.com/Attraction_Review-g295419-d20323752-Reviews-MaxDeep_Dive_Center-Jeddah_Makkah_Province.html,https://dynamic-media-cdn.tripadvisor.com/media/photo-o/1b/29/8d/53/caption.jpg?w=500&h=400&s=1,MaxDeep Dive Center,75.,https://www.tripadvisor.com/Attraction_Review-g295419-d20323752-Reviews-MaxDeep_Dive_Center-Jeddah_Makkah_Province.html#REVIEWS,Scuba & Snorkelling • Boat Tours
1,https://www.tripadvisor.com/Attraction_Review-g295419-d19525427-Reviews-Masaj_Falabayni_Jadah-Jeddah_Makkah_Province.html,https://dynamic-media-cdn.tripadvisor.com/media/photo-o/1b/4f/3d/e9/caption.jpg?w=500&h=400&s=1,Masaj Falabayni Jadah,76.,https://www.tripadvisor.com/Attraction_Review-g295419-d19525427-Reviews-Masaj_Falabayni_Jadah-Jeddah_Makkah_Province.html#REVIEWS,Spas
1,https://www.tripadvisor.com/Attraction_Review-g295419-d20403694-Reviews-Souq_Al_Alawi-Jeddah_Makkah_Province.html,https://dynamic-media-cdn.tripadvisor.com/media/photo-o/1b/3f/d1/fd/souq-al-alawi.jpg?w=500&h=400&s=1,Souq Al Alawi,77.,https://www.tripadvisor.com/Attraction_Review-g295419-d20403694-Reviews-Souq_Al_Alawi-Jeddah_Makkah_Province.html#REVIEWS,Points of Interest & Landmarks
1,https://www.tripadvisor.com/Attraction_Review-g295419-d20403693-Reviews-Toko_Ali_Murah-Jeddah_Makkah_Province.html,https://dynamic-media-cdn.tripadvisor.com/media/photo-o/1b/3f/d2/52/al-mawared-alleyway.jpg?w=500&h=400&s=1,Toko Ali Murah,78.,https://www.tripadvisor.com/Attraction_Review-g295419-d20403693-Reviews-Toko_Ali_Murah-Jeddah_Makkah_Province.html#REVIEWS,Shopping Malls
1,https://www.tripadvisor.com/Attraction_Review-g295419-d20385235-Reviews-Al_Balad_Souk-Jeddah_Makkah_Province.html,https://dynamic-media-cdn.tripadvisor.com/media/photo-o/1b/3f/20/8f/al-balad-souk.jpg?w=500&h=400&s=1,Al Balad Souk,79.,https://www.tripadvisor.com/Attraction_Review-g295419-d20385235-Reviews-Al_Balad_Souk-Jeddah_Makkah_Province.html#REVIEWS,Points of Interest & Landmarks • Historic Walking Areas
1,https://www.tripadvisor.com/Attraction_Review-g295419-d20380435-Reviews-Lake_Al_Arbaeen-Jeddah_Makkah_Province.html,https://dynamic-media-cdn.tripadvisor.com/media/photo-o/1b/3d/16/67/caption.jpg?w=500&h=400&s=1,Lake Al-Arbaeen,80.,https://www.tripadvisor.com/Attraction_Review-g295419-d20380435-Reviews-Lake_Al_Arbaeen-Jeddah_Makkah_Province.html#REVIEWS,Bodies of Water
2,https://www.tripadvisor.com/Attraction_Review-g295419-d20380360-Reviews-Bab_Jadid-Jeddah_Makkah_Province.html,https://dynamic-media-cdn.tripadvisor.com/media/photo-o/1b/4f/cc/f3/caption.jpg?w=500&h=400&s=1,Bab Jadid,81.,https://www.tripadvisor.com/Attraction_Review-g295419-d20380360-Reviews-Bab_Jadid-Jeddah_Makkah_Province.html#REVIEWS,Ancient Ruins • Points of Interest & Landmarks
1,https://www.tripadvisor.com/Attraction_Review-g295419-d17422024-Reviews-One_day_city_tour-Jeddah_Makkah_Province.html,https://dynamic-media-cdn.tripadvisor.com/media/photo-o/1a/c3/f1/f8/caption.jpg?w=500&h=400&s=1,One day city tour,82.,https://www.tripadvisor.com/Attraction_Review-g295419-d17422024-Reviews-One_day_city_tour-Jeddah_Makkah_Province.html#REVIEWS,Taxis & Shuttles • Day Trips
1,https://www.tripadvisor.com/Attraction_Review-g295419-d19981691-Reviews-SMAAASH-Jeddah_Makkah_Province.html,https://dynamic-media-cdn.tripadvisor.com/media/photo-o/1a/bb/20/64/caption.jpg?w=500&h=400&s=1,SMAAASH سماااش,83.,https://www.tripadvisor.com/Attraction_Review-g295419-d19981691-Reviews-SMAAASH-Jeddah_Makkah_Province.html#REVIEWS,Adrenaline & Extreme Tours • Climbing Tours
1,https://www.tripadvisor.com/Attraction_Review-g295419-d16753707-Reviews-Al_Dana_Massage_Center-Jeddah_Makkah_Province.html,https://dynamic-media-cdn.tripadvisor.com/media/photo-o/16/a3/4d/c1/getlstd-property-photo.jpg?w=500&h=400&s=1,Al Dana Massage Center,84.,https://www.tripadvisor.com/Attraction_Review-g295419-d16753707-Reviews-Al_Dana_Massage_Center-Jeddah_Makkah_Province.html#REVIEWS,Hammams & Turkish Baths • Spas
2,https://www.tripadvisor.com/Attraction_Review-g295419-d13281808-Reviews-Jeddah_Tec-Jeddah_Makkah_Province.html,https://dynamic-media-cdn.tripadvisor.com/media/photo-o/15/fb/04/02/amazing-family-time.jpg?w=500&h=400&s=1,Jeddah Tec,86.,https://www.tripadvisor.com/Attraction_Review-g295419-d13281808-Reviews-Jeddah_Tec-Jeddah_Makkah_Province.html#REVIEWS,Scuba & Snorkelling • Boat Tours
1,https://www.tripadvisor.com/Attraction_Review-g295419-d20372092-Reviews-Beit_Sharbatly-Jeddah_Makkah_Province.html,https://dynamic-media-cdn.tripadvisor.com/media/photo-o/21/c2/09/f6/caption.jpg?w=500&h=-1&s=1,Beit Sharbatly,87.,https://www.tripadvisor.com/Attraction_Review-g295419-d20372092-Reviews-Beit_Sharbatly-Jeddah_Makkah_Province.html#REVIEWS,Historic Sites • Architectural Buildings
5,https://www.tripadvisor.com/Attraction_Review-g295419-d20063267-Reviews-Saudi_Safari-Jeddah_Makkah_Province.html,https://dynamic-media-cdn.tripadvisor.com/media/photo-o/1a/b1/34/a3/caption.jpg?w=500&h=400&s=1,Saudi Safari,88.,https://www.tripadvisor.com/Attraction_Review-g295419-d20063267-Reviews-Saudi_Safari-Jeddah_Makkah_Province.html#REVIEWS,Safaris • Taxis & Shuttles
1,https://www.tripadvisor.com/Attraction_Review-g295419-d21205955-Reviews-Al_Saif_Baech-Jeddah_Makkah_Province.html,https://dynamic-media-cdn.tripadvisor.com/media/photo-o/1d/20/5f/5b/al-saif-beach-sunken.jpg?w=300&h=200&s=1,Al Saif Baech,89.,https://www.tripadvisor.com/Attraction_Review-g295419-d21205955-Reviews-Al_Saif_Baech-Jeddah_Makkah_Province.html#REVIEWS,Points of Interest & Landmarks • Scenic Walking Areas
2,https://www.tripadvisor.com/Attraction_Review-g295419-d20397183-Reviews-Al_Shafei_Mosque-Jeddah_Makkah_Province.html,https://dynamic-media-cdn.tripadvisor.com/media/photo-o/1b/d9/1c/1b/20190524-222654-largejpg.jpg?w=500&h=400&s=1,Al Shafei Mosque,90.,https://www.tripadvisor.com/Attraction_Review-g295419-d20397183-Reviews-Al_Shafei_Mosque-Jeddah_Makkah_Province.html#REVIEWS,Religious Sites
5,,,,,,1
,https://www.tripadvisor.com/Attraction_Review-g295419-d17835825-Reviews-Bassam_Mousa_Alnajar-Jeddah_Makkah_Province.html,https://dynamic-media-cdn.tripadvisor.com/media/photo-o/18/5d/00/45/caption.jpg?w=500&h=400&s=1,Bassam Mousa Alnajar,121.,,City Tours • Cultural Tours
,https://www.tripadvisor.com/Attraction_Review-g295419-d17470067-Reviews-Peninsula_Caravans_Tour_Operator-Jeddah_Makkah_Province.html,https://dynamic-media-cdn.tripadvisor.com/media/photo-o/17/8f/ce/e3/caption.jpg?w=500&h=400&s=1,Peninsula Caravans Tour Operator,122.,,Multi-day Tours • Hop-On Hop-Off Tours
,https://www.tripadvisor.com/Attraction_Review-g295419-d19104847-Reviews-Pampered-Jeddah_Makkah_Province.html,https://dynamic-media-cdn.tripadvisor.com/media/photo-o/19/7d/27/b7/caption.jpg?w=500&h=400&s=1,Pampered,123.,,Paint & Pottery Studios
,https://www.tripadvisor.com/Attraction_Review-g295419-d18957762-Reviews-Easy_Mart-Jeddah_Makkah_Province.html,https://dynamic-media-cdn.tripadvisor.com/media/photo-o/1b/28/1d/8b/special-offers.jpg?w=500&h=400&s=1,Easy Mart,124.,,Department Stores
,https://www.tripadvisor.com/Attraction_Review-g295419-d19524529-Reviews-Vince_Camuto-Jeddah_Makkah_Province.html,,Vince Camuto,125.,,Speciality & Gift Shops
,https://www.tripadvisor.com/Attraction_Review-g295419-d19524535-Reviews-Ted_Baker-Jeddah_Makkah_Province.html,,Ted Baker,126.,,Speciality & Gift Shops
,https://www.tripadvisor.com/Attraction_Review-g295419-d19543715-Reviews-Marks_and_Spencer-Jeddah_Makkah_Province.html,,Marks and Spencer,127.,,Speciality & Gift Shops
,https://www.tripadvisor.com/Attraction_Review-g295419-d19524564-Reviews-Maje-Jeddah_Makkah_Province.html,,Maje,128.,,Speciality & Gift Shops
,https://www.tripadvisor.com/Attraction_Review-g295419-d19527430-Reviews-Holy_Makkah_Tours-Jeddah_Makkah_Province.html,,Holy Makkah Tours,129.,,Multi-day Tours • Cultural Tours
,https://www.tripadvisor.com/Attraction_Review-g295419-d19545098-Reviews-Guess_Jeans-Jeddah_Makkah_Province.html,,Guess Jeans,130.,,Speciality & Gift Shops
,https://www.tripadvisor.com/Attraction_Review-g295419-d19543760-Reviews-Miss_Mila-Jeddah_Makkah_Province.html,,Miss Mila,131.,,Speciality & Gift Shops
,https://www.tripadvisor.com/Attraction_Review-g295419-d19524906-Reviews-Reebok-Jeddah_Makkah_Province.html,,Reebok,132.,,Speciality & Gift Shops
,https://www.tripadvisor.com/Attraction_Review-g295419-d19524898-Reviews-Marks_and_Spencer-Jeddah_Makkah_Province.html,,Marks and Spencer,133.,,Speciality & Gift Shops
,https://www.tripadvisor.com/Attraction_Review-g295419-d19524468-Reviews-Sandro-Jeddah_Makkah_Province.html,,Sandro,134.,,Speciality & Gift Shops
,https://www.tripadvisor.com/Attraction_Review-g295419-d19524482-Reviews-Sandro-Jeddah_Makkah_Province.html,,Sandro,135.,,Speciality & Gift Shops
,https://www.tripadvisor.com/Attraction_Review-g295419-d19524485-Reviews-Vince_Camuto-Jeddah_Makkah_Province.html,,Vince Camuto,136.,,Speciality & Gift Shops
,https://www.tripadvisor.com/Attraction_Review-g295419-d19524503-Reviews-Guess_Accessories-Jeddah_Makkah_Province.html,,Guess Accessories,137.,,Speciality & Gift Shops
,https://www.tripadvisor.com/Attraction_Review-g295419-d19525021-Reviews-Marks_and_Spencer-Jeddah_Makkah_Province.html,,Marks and Spencer,138.,,Speciality & Gift Shops
,https://www.tripadvisor.com/Attraction_Review-g295419-d19525507-Reviews-Kate_Spade-Jeddah_Makkah_Province.html,,Kate Spade,139.,,Speciality & Gift Shops
,https://www.tripadvisor.com/Attraction_Review-g295419-d19524877-Reviews-Maje-Jeddah_Makkah_Province.html,,Maje,140.,,Speciality & Gift Shops
,https://www.tripadvisor.com/Attraction_Review-g295419-d19545238-Reviews-Guess_Jeans-Jeddah_Makkah_Province.html,,Guess Jeans,141.,,Speciality & Gift Shops
,https://www.tripadvisor.com/Attraction_Review-g295419-d19545160-Reviews-Guess_Jeans-Jeddah_Makkah_Province.html,,Guess Jeans,142.,,Speciality & Gift Shops
,https://www.tripadvisor.com/Attraction_Review-g295419-d19525447-Reviews-Ted_Baker-Jeddah_Makkah_Province.html,,Ted Baker,143.,,Speciality & Gift Shops
,https://www.tripadvisor.com/Attraction_Review-g295419-d19524969-Reviews-BA_SH-Jeddah_Makkah_Province.html,,BA&SH,144.,,Speciality & Gift Shops
,https://www.tripadvisor.com/Attraction_Review-g295419-d19524986-Reviews-Stadium-Jeddah_Makkah_Province.html,,Stadium,145.,,Speciality & Gift Shops
,https://www.tripadvisor.com/Attraction_Review-g295419-d19524992-Reviews-Bebe-Jeddah_Makkah_Province.html,,Bebe,146.,,Speciality & Gift Shops
,https://www.tripadvisor.com/Attraction_Review-g295419-d19545261-Reviews-Ted_Baker-Jeddah_Makkah_Province.html,,Ted Baker,147.,,Speciality & Gift Shops
,https://www.tripadvisor.com/Attraction_Review-g295419-d21361832-Reviews-Markaz_Masaj_Flbyni_andwnysy_Wahijamih_iislamih-Jeddah_Makkah_Province.html,,"Markaz Masaj Flbyni,andwnysy Wahijamih 'iislamih",148.,,Spas
,https://www.tripadvisor.com/Attraction_Review-g295419-d23253726-Reviews-88_Destinations-Jeddah_Makkah_Province.html,https://dynamic-media-cdn.tripadvisor.com/media/photo-o/1c/c4/5e/18/caption.jpg?w=500&h=400&s=1,88 Destinations,149.,,Multi-day Tours • Sports Camps & Clinics
,https://www.tripadvisor.com/Attraction_Review-g295419-d23261295-Reviews-Right_Brain_Production-Jeddah_Makkah_Province.html,https://dynamic-media-cdn.tripadvisor.com/media/photo-o/1c/c6/e8/77/caption.jpg?w=500&h=400&s=1,Right Brain Production,150.,,Paint & Pottery Studios
6,,,,,,1
,https://www.tripadvisor.com/Attraction_Review-g295419-d23854784-Reviews-Bomb_Cosmetics-Jeddah_Makkah_Province.html,https://dynamic-media-cdn.tripadvisor.com/media/photo-o/21/fb/e8/6a/shower-butter.jpg?w=500&h=-1&s=1,Bomb Cosmetics,181.,,Speciality & Gift Shops
,https://www.tripadvisor.com/Attraction_Review-g295419-d23621234-Reviews-Carmel_Tours-Jeddah_Makkah_Province.html,https://dynamic-media-cdn.tripadvisor.com/media/photo-o/1f/3e/61/b1/enjoy-a-wonderful-evening.jpg?w=500&h=-1&s=1,Carmel Tours,182.,,Sightseeing Tours
,https://www.tripadvisor.com/Attraction_Review-g295419-d23705512-Reviews-Fakieh_Planetarium-Jeddah_Makkah_Province.html,https://dynamic-media-cdn.tripadvisor.com/media/photo-o/20/93/44/b3/caption.jpg?w=500&h=400&s=1,Fakieh Planetarium,183.,,Science Museums • Observatories & Planetariums
,https://www.tripadvisor.com/Attraction_Review-g295419-d23758405-Reviews-Princess_Collection-Jeddah_Makkah_Province.html,,Princess Collection أميرة للأقمشة,184.,,Speciality & Gift Shops
,https://www.tripadvisor.com/Attraction_Review-g295419-d23751985-Reviews-Cogelex_Jif_Store-Jeddah_Makkah_Province.html,https://dynamic-media-cdn.tripadvisor.com/media/photo-o/21/67/d3/2c/cogelex-jif-store.jpg?w=500&h=-1&s=1,Cogelex Jif - Store,185.,,Antique Shops • Department Stores
,https://www.tripadvisor.com/Attraction_Review-g295419-d23747168-Reviews-Cheeky_Monkeys-Jeddah_Makkah_Province.html,https://dynamic-media-cdn.tripadvisor.com/media/photo-o/21/99/10/66/caption.jpg?w=500&h=400&s=1,Cheeky Monkeys,186.,,Game & Entertainment Centers
,https://www.tripadvisor.com/Attraction_Review-g295419-d23755216-Reviews-Mega_Paintball-Jeddah_Makkah_Province.html,,Mega Paintball,187.,,Sporting Events
,https://www.tripadvisor.com/Attraction_Review-g295419-d23755223-Reviews-Mega_Paintball-Jeddah_Makkah_Province.html,,Mega Paintball,188.,,Game & Entertainment Centers
,https://www.tripadvisor.com/Attraction_Review-g295419-d23860787-Reviews-Bomb_Cosmetics-Jeddah_Makkah_Province.html,,Bomb Cosmetics,189.,,Speciality & Gift Shops
,https://www.tripadvisor.com/Attraction_Review-g295419-d23762828-Reviews-The_Outfit_Maker-Jeddah_Makkah_Province.html,,The Outfit Maker,190.,,Shopping Malls
,https://www.tripadvisor.com/Attraction_Review-g295419-d23804236-Reviews-Mosque_Mohammed_Hassan_Farsi-Jeddah_Makkah_Province.html,,Mosque Mohammed Hassan Farsi,191.,,Points of Interest & Landmarks • Religious Sites
7,,,,,,1